Region,Perc Population Flooded
Abura / Asebu / Kwamankese,0.001296252651425878
Accra Metropolis,0.00202801094820948
Ada East,0.010216993954164129
Ada West,0.013471588323704204
Adaklu,0.0002657050673752135
Adansi North,0.00408021787571181
Adansi South,0.004692076551939865
Adenta,0.00147389651694981
Afadzato South,0.0018322958503406925
Afigya Kwabre,0.0
Agona East,0.0019316998959083994
Agona West,0.05251468576486682
Agotime Ziope,0.0012932308601832693
Ahafo Ano North,0.0
Ahafo Ano South,0.0018887881535207011
Ahanta West,0.015577854790599838
Ajumako / Enyan / Esiam,0.003993747882778745
Akatsi North,0.0
Akatsi South,0.00015131899725944484
Akwapem North,0.0003904840226954047
Akwapem South,0.0
Akyem Mansa,0.002677161138328916
Amansie Central,0.003171983865053172
Amansie West,0.0028018355950954785
Aowin,0.0044690417291128725
Asante Akim Central Municipal,0.001513221775261346
Asante Akim North,0.00023327015599941683
Asante Akim South,0.0009510977252912737
Ashaiman,0.0
Asikuma / Odoben / Brakwa,0.004010982451951773
Asokore Mampong Municipal,0.0
Assin North,0.0026682711172731316
Assin South,0.0018415906127770534
Asunafo North,0.0032875611034146133
Asunafo South,0.0020557527766938547
Asuogyaman,0.0034229828850855745
Asutifi North,0.00019688915140775743
Asutifi South,0.00303146451095857
Atebubu Amantin,0.0010196994103477324
Atiwa,0.0034854153270590985
Atwima Kwanwoma,0.0001602663983688442
Atwima Mponua,0.0002591568762957844
Atwima Nwabiagya,0.0008289517313249018
Awutu Senya East Municipal,0.00108223514687477
Awutu Senya West,0.001794773180960753
Ayensuano,0.0008463190411205264
Banda,0.0016002381749841837
Bawku Municipal,0.0015513045501701587
Bawku West,0.010265375194381485
Bekwai Municipal,0.0002213768474771778
Berekum,6.415232327638745e-05
Bia East,0.0
Bia West,0.0
Biakoye,0.0011014286177070847
Binduri,0.003411971144472607
Birim Municipal,0.0071615131856095715
Birim North,0.005353748680042239
Birim South,0.004338254338254338
Bodi,0.0056051990251827786
Bole,0.0005182497964018657
Bolgatanga Municipal,0.002522840599948621
Bongo,0.0018271056496972737
Bosome Freho,0.0004665065570088291
Bosomtwe / Atwima / Kwanwoma,5.4667711427373945e-05
Builsa North,0.0014261031730795602
Builsa South,0.002325957034404781
Bunkpurugu Yonyo,0.0035481047599811486
Cape Coast Metro,0.0150039205499353
Central Tongu,0.0022222222222222222
Chereponi,0.0054446460980036296
Daffiama Bussie,0.0012716803843300717
Denkyembour,0.0024016773619670883
Dormaa East,0.0
Dormaa Municipal,0.0012827894840416615
Dormaa West,0.0
East Akim,0.005776075935713516
East Gonja,0.011640844040663484
Effutu,0.007779641650256485
Ejisu Juaben,0.0008707646009808292
Ejura Sekye Dumase,0.0002927993873735895
Ekumfi,0.011534996381467204
Ellembelle,0.012572947362338938
Fanteakwa,0.0008310548579311721
Ga Central Municipal,0.0001618919775779611
Ga East,0.0008825800757547898
Ga South,0.0035544811931975586
Ga West,0.0009524104982316808
Garu Tempane,0.008335697296353677
Gomoa East,0.0015954540487378428
Gomoa West,0.013889926627714102
Gonja Central,0.025551831003731578
Gushiegu,0.008458929108162651
Ho Municipal,4.569985168320863e-05
Ho West,0.0003133962658360083
Hohoe Municipal,0.0002523659305993691
Jaman North,0.0
Jaman South,0.0
Jasikan,0.0005807706826959375
Jirapa,0.00044793310865577407
Jomoro,0.00538355750846946
Juabeso,0.005846784268652241
Kadjebi,0.0
Karaga,0.01881746666926936
Kasena Nankana East,0.002584605443825216
Kasena Nankana West,0.002457148991495402
Keta Municipal,0.003549866556111212
Ketu North,5.7255732730239615e-05
Ketu South,0.0020208274213382176
Kintampo North,0.0009030704394942806
Kintampo South,0.00017362833614445878
Kma,0.0002520016279305164
Komenda Edna Eguafo / Abirem,0.03502947812348229
Kpandai,0.0030971988095142076
Kpando Municipal,0.0004795226086029908
Kpone Katamanso,0.0033360997886319127
Krachi East,0.013947126488328812
Krachi Nchumuru,0.0057376652302328955
Krachi West,0.01147496894330392
Kumbumgu,0.0037059024592080883
Kwabre,0.0011790978115230014
Kwaebibirem,0.005751855926403964
Kwahu Afram Plains North,0.008163644569517084
Kwahu Afram Plains South,0.0025920613800134787
Kwahu East,0.0008278018794168596
Kwahu South,0.0013492241960872497
Kwahu West,0.0025076866045923374
La Dade Kotopon,0.02004614721468597
La Nkwantanang Madina,0.0013884683274126483
Lambussie Karni,0.001736197232005556
Lawra,0.0007380187272252033
Ledzokuku / Krowor,0.0
Lower Manya,0.00019727027260285794
Mampong Municipal,0.0002294279596206791
Mamprugu Moagduri,0.0041116005873715125
Mamprusi East,0.006743445386657945
Mfantsiman,0.010714966894635023
Mion,0.0011002962336013541
Mpohor,0.0028107691035851082
Nabdam,0.0017991004497751124
Nadowli / Kaleo,0.0014863047632528842
Nandom,0.0025031535793125195
Nanumba North,0.002297207616519475
Nanumba South,0.003908357659689268
New Juaben Municipal,0.000666286412300051
Ningo Prampram,0.0017313768774618015
Nkoranza North,0.0
Nkoranza South,6.370354191693058e-05
Nkwanta North,0.008876293679229973
Nkwanta South,0.0035533898853849642
North Dayi,0.0007209083445140878
North Gonja,0.005364872279461074
North Tongu,0.002599964138425677
Nsawam Adoagyiri,0.0020311656986892633
Nzema East,0.009278968360577818
Obuasi Municipal,0.0037172322749064487
Offinso Municipal,0.0
Offinso North,0.0003579268874677866
Prestea / Huni Valley,0.0019204963744475496
Pru,0.0008649251909461863
Pusiga,0.007429815667436797
Saboba,0.017580599291605263
Sagnerigu,0.0036118811881188117
Savelugu Nanton,0.003584333163478019
Sawla / Tuna / Kalba,0.0012506904853721325
Sefwi Akontombra,0.0008905465860634698
Sefwi Bibiani / Anhwiaso Bekwai,5.4894641498780555e-05
Sefwi-Wiawso,0.0027204863031975476
Sekondi Takoradi,0.010245059240034115
Sekyere Afram Plains North,0.0009339975093399751
Sekyere Central,0.0009288689569091885
Sekyere East,0.0063077269655327775
Sekyere Kumawu,0.00020635930594486767
Sekyere South,0.001035311517840636
Sene East,0.013422637534771922
Sene West,0.01796891377916205
Shai Osu Doku,0.00227309301577084
Shama,0.01536404618927088
Sissala  West,0.0010875081563111724
Sissala East,0.0003378290584964008
South Dayi,0.0015607264472190692
South Tongu,0.0028924833491912466
Suaman,0.0036505332239540607
Suhum Municipal,0.0
Sunyani Municipal,0.0012395751727967792
Sunyani West,0.00026599534508146106
Tain,9.032709700001129e-05
Talensi,0.002143205065757428
Tamale North Sub Metro,0.00033239897799717215
Tano North,0.00038664634011621485
Tano South,0.0
Tarkwa Nsuaem,0.007092617767007506
Tatale,0.001966377374522061
Techiman Municipal,0.00029939559514230646
Techiman North,0.0005460999362883408
Tema Metropolis,0.00010697437250615995
Tolon,0.0008460714084268712
Twifo Ati-Morkwa,0.0010152510794015598
Twifo Lower Denkyira,0.0018038644326499463
Upper Denkyira East,0.00029710004521087645
Upper Denkyira West,0.009985245681753827
Upper Manya,0.001286419089893835
Upper West Akim,0.002720754555930178
Wa East,0.0027946576544373315
Wa Municipal,0.0019045575256847018
Wa West,0.00030108390204737056
Wassa Amenfi Central,0.0005382050860380631
Wassa Amenfi East,0.004596153622952913
Wassa Amenfi West,0.0013156452143405328
Wassa East,0.011857234110507825
Wenchi,0.0
West Akim,0.003407141682266415
West Gonja,0.000662022478672344
West Mamprusi,0.005232121938056941
Yendi Municipal,0.008060362229059068
Yilo Krobo,0.0
Zabzugu,0.002589799964929792
